subj,pred,obj,alpha,beta,confidence,original_confidence,uncertainty
Anemia,caused_by,Iron_Deficiency,6.189412104,1.373169254,0.818425854,0.87,0.017355161,Baseline
Influenza,treated_with,Oseltamivir,2.635258445,0.660718378,0.799537918,0.93,0.037308636
Fever,is_symptom_of,Influenza,2.06,0.94,0.686666667,0.78,0.053788889
COVID-19,caused_by,Viral_Infection,8.704952178,1.5055661,0.852547534,0.95,0.011213597
Migraine,treated_with,Triptans,6.638356284,1.032888123,0.865355858,0.92,0.013436952
Pneumonia,treated_with,Antibiotics,4.650757238,0.860053423,0.843933411,0.91,0.020229402

Anemia,caused_by,Iron_Deficiency,14.81723044906651,3.411557617447346,0.8128478094649445,0.87,0.007911379936518585,Reversed
Influenza,treated_with,Oseltamivir,34.06519978035016,7.286683287568858,0.8237883562496844,0.93,0.003427500499194689
Fever,is_symptom_of,Influenza,26.957492321785505,12.558885914397933,0.6821852994893569,0.78,0.005351132704560223
COVID-19,caused_by,Viral_Infection,8.411519251042284,2.102879812760572,0.7999999999999999,0.95,0.013895644845503288
Migraine,treated_with,Triptans,20.64180139701666,4.905246004276686,0.8079916662295639,0.92,0.005844007101353899
Pneumonia,treated_with,Antibiotics,27.217935474408865,6.125075672851992,0.8163010639380971,0.91,0.004366350880201954
,,,,,,,,
Anemia,caused_by,Iron_Deficiency,6.189412103975963,1.3731692539172669,0.8184258536955692,0.87,0.01735516072629894,Cluster
Influenza,treated_with,Oseltamivir,2.6352584450357037,0.6607183775833324,0.7995379175456959,0.93,0.03730863609610333,
Fever,is_symptom_of,Influenza,2.06,0.94,0.6866666666666666,0.78,0.053788888888888886,
COVID_19,caused_by,Viral_Infection,8.704952178365538,1.505566099937771,0.8525475339349815,0.95,0.011213597194668612,
Migraine,treated_with,Triptans,6.638356283996416,1.0328881226885374,0.8653558578073138,0.92,0.013436952264435831,
Pneumonia,treated_with,Antibiotics,4.650757237609499,0.8600534230027187,0.8439334108954539,0.91,0.020229402410149956,
,,,,,,,,
Anemia,caused_by,Iron_Deficiency,7.732197900604477,2.5430329163358403,0.7525084388232666,0.87,0.016517576566434766,Random
Influenza,treated_with,Oseltamivir,13.366026718961846,2.118098975819728,0.8632083581875362,0.93,0.0071632363601847075,
Fever,is_symptom_of,Influenza,23.09498398330402,11.186037234670756,0.6736959157796176,0.78,0.006230821026503688,
COVID_19,caused_by,Viral_Infection,13.86695374939306,3.2418472750364202,0.8105158116920396,0.95,0.008480955226248739,
Migraine,treated_with,Triptans,7.083006247106935,1.4714703706860286,0.8279882643404004,0.92,0.014906488775088,
Pneumonia,treated_with,Antibiotics,11.187376376134413,1.9541145414133623,0.851301914396635,0.91,0.008951458207577047,