subj,pred,obj,alpha,beta,confidence,original_confidence,uncertainty,color,step
Fever,is_symptom_of,Influenza,2.06,0.94,0.6866666666666666,0.78,0.053788888888888886,#728C00,0
Cough,is_symptom_of,Influenza,2.848407643312102,1.3299363057324842,0.6817073170731707,0.72,0.04190190011656213,#738B00,1
Fatigue,is_symptom_of,Influenza,3.8347368421052628,1.3757894736842107,0.7359595959595959,0.83,0.03128930773234831,#609E00,2
Influenza,treated_with,Oseltamivir,2.6006547155105224,0.6581137957911145,0.7980483138005262,0.93,0.03784361657905758,#49B500,3
Body Aches,is_symptom_of,Influenza,4.4238745387453875,1.886088560885609,0.701093567251462,0.69,0.02866791177381734,#6C9200,4
Shortness of Breath,is_symptom_of,Pneumonia,5.28,1.72,0.7542857142857143,0.88,0.02316734693877551,#59A500,5
Chest Pain,is_symptom_of,Pneumonia,5.451974921630095,2.786269592476489,0.6617884322678844,0.47,0.024228034107835694,#7B8300,6
Fever,is_symptom_of,Pneumonia,6.629590583418628,2.6856601842374612,0.7116921217448633,0.76,0.0198915615541339,#699500,7
Pneumonia,treated_with,Antibiotics,3.426082474226804,0.7674147501982552,0.8169988653555219,0.91,0.028788254407869286,#42BC00,8
Pneumonia,caused_by,Bacterial Infection,2.3488389513108614,0.9058426966292137,0.7216800920598389,0.82,0.047208687606883064,#659900,9
Headache,is_symptom_of,Migraine,7.41,2.59,0.741,0.89,0.01744718181818182,#5EA000,10
Nausea,is_symptom_of,Migraine,7.4400938967136145,3.8040375586854465,0.661686847599165,0.41,0.018282829135645582,#7B8300,11
Light Sensitivity,is_symptom_of,Migraine,8.356451612903225,3.7725806451612907,0.6889627659574468,0.67,0.016322076819491514,#718D00,12
Migraine,treated_with,Triptans,4.318700882117081,0.8320609462710504,0.838458664175619,0.92,0.022020968527723103,#3AC400,13
Fatigue,is_symptom_of,Anemia,8.79260663507109,4.415924170616114,0.6656763545030498,0.54,0.015663220117698575,#798500,14
Pale Skin,is_symptom_of,Anemia,8.86953642384106,5.1569536423841065,0.6323418319169027,0.36,0.015471719510029359,#857900,15
Dizziness,is_symptom_of,Anemia,9.34067415730337,5.61438202247191,0.6245830202854996,0.43,0.014696223467628389,#887600,16
Anemia,caused_by,Iron Deficiency,3.0099915469146237,0.9325274725274726,0.7634691252144082,0.87,0.036536838674449554,#56A800,17
Anemia,treated_with,Iron Supplements,5.21,0.8426315789473684,0.8607826086956523,0.95,0.016991658776062974,#32CC00,18
Joint Pain,is_symptom_of,Rheumatoid Arthritis,10.55,5.45,0.659375,0.81,0.013211741727941177,#7C8200,19
Swelling,is_symptom_of,Rheumatoid Arthritis,11.365419968304279,5.831093502377179,0.6609142014560869,0.74,0.012315909865416487,#7B8300,20
Stiffness,is_symptom_of,Rheumatoid Arthritis,12.018952879581152,6.211413612565445,0.6592820218265364,0.69,0.01168096497872706,#7C8200,21
Rheumatoid Arthritis,treated_with,NSAIDs,5.504756671899529,1.7275824175824177,0.761130887779466,0.58,0.022084933270034815,#57A700,22
Rheumatoid Arthritis,treated_with,DMARDs,6.776599241466498,1.430733249051833,0.8256762168823167,0.9,0.015632649511185332,#3FBF00,23
Fever,is_symptom_of,COVID-19,13.040188679245283,6.18622641509434,0.678243375858685,0.84,0.010789321683780296,#758900,24
Cough,is_symptom_of,COVID-19,13.859756097560975,6.4817073170731705,0.6813549160671463,0.79,0.0101731727670279,#748A00,25
Fatigue,is_symptom_of,COVID-19,14.384,7.016,0.6721495327102804,0.66,0.00983770260659072,#778700,26
Loss of Smell,is_symptom_of,COVID-19,15.549773260359657,6.697294761532447,0.6989583186898152,0.93,0.009051274217719436,#6D9100,27
COVID-19,treated_with,Nirmatrelvir,7.714759556103576,1.5861035758323059,0.8294670555481903,0.88,0.013732000658261545,#3EC000,28
COVID-19,caused_by,Viral Infection,4.400204081632653,0.926326530612245,0.8260919540229884,0.95,0.022708186575974156,#3FBF00,29
Sore Throat,is_symptom_of,Strep Throat,15.75,7.25,0.6847826086956522,0.68,0.008993974480151228,#728C00,30
Fever,is_symptom_of,Strep Throat,16.827220543806646,7.547401812688823,0.6903582052553296,0.74,0.00842431271247077,#708E00,31
Strep Throat,treated_with,Penicillin,8.57407643312102,1.6042675159235669,0.8423842302878598,0.92,0.011877702050985636,#39C500,32
Strep Throat,caused_by,Bacterial Infection,5.164510385756676,1.2746587537091991,0.8020460829493088,0.83,0.021342190343904287,#48B600,33
Sneezing,is_symptom_of,Seasonal Allergies,17.23,7.7700000000000005,0.6892,0.71,0.00823859076923077,#718D00,34
Itchy Eyes,is_symptom_of,Seasonal Allergies,17.20328502415459,8.931980676328504,0.6582402957486136,0.32,0.00829031899980203,#7C8200,35
Runny Nose,is_symptom_of,Seasonal Allergies,18.390232558139534,8.623056478405315,0.6807846513343992,0.77,0.007757636368881859,#748A00,36
Seasonal Allergies,treated_with,Antihistamines,9.356829268292683,1.7407317073170734,0.8431428571428572,0.89,0.01093220194206715,#39C500,37
Wheezing,is_symptom_of,Asthma,19.31,8.690000000000001,0.6896428571428571,0.85,0.007380537473610135,#718D00,38
Shortness of Breath,is_symptom_of,Asthma,20.69916790490342,8.734710252600298,0.7032429703670049,0.92,0.006857236331050436,#6C9200,39
Asthma,treated_with,Inhaled Corticosteroids,10.556335721596724,1.7589150460593657,0.8571758643617021,0.94,0.009194374484846578,#34CA00,40
Chest Tightness,is_symptom_of,Asthma,21.10746404239213,9.25892505677517,0.6950929849927707,0.73,0.00675687362471178,#6F8F00,41
Nausea,is_symptom_of,Food Poisoning,20.96319796954315,9.975888324873097,0.6775635767022149,0.44,0.006840245028140048,#758900,42
Vomiting,is_symptom_of,Food Poisoning,22.15686868686869,9.802727272727275,0.6932774968394437,0.82,0.006451650969148758,#6F8F00,43
Abdominal Pain,is_symptom_of,Food Poisoning,23.03872570194385,10.073585313174947,0.6957752266649273,0.79,0.006205151580919918,#6E9000,44
Food Poisoning,caused_by,Bacterial Contamination,5.057649402390438,2.1176494023904384,0.7048695169350361,0.5,0.025445978917510746,#6B9300,45
Food Poisoning,treated_with,Fluid Replacement,11.268745980707395,1.8727331189710612,0.8574944947394176,0.91,0.008641082405148623,#33CB00,46
Headache,is_symptom_of,Dehydration,23.237183098591554,11.006948356807511,0.678574170551138,0.48,0.00618858393171044,#758900,47
Dark Urine,is_symptom_of,Dehydration,23.315451505016725,11.671170568561871,0.6664104770098461,0.34,0.006177505426511644,#798500,48
Dehydration,treated_with,Oral Rehydration Salts,11.956530612244899,1.9618367346938774,0.8590469208211144,0.9,0.008116525477147666,#33CB00,49
Fatigue,is_symptom_of,Chronic Fatigue Syndrome,24.54181963288109,11.627374301675978,0.6785282436010591,0.72,0.005868506769901255,#758900,50
Muscle Pain,is_symptom_of,Chronic Fatigue Syndrome,25.049131832797432,12.092347266881028,0.6744247251320232,0.63,0.0057568825448216345,#768800,51
Poor Sleep,is_symptom_of,Chronic Fatigue Syndrome,25.53385026737968,12.615882352941174,0.6693061396131204,0.56,0.0056535617557300355,#788600,52
Chronic Fatigue Syndrome,treated_with,CBT Therapy,12.643827558420629,2.4883239323126514,0.8355604664785132,0.71,0.008517101603939698,#3BC300,53
High Blood Pressure,is_symptom_of,Hypertension,26.55,12.449999999999998,0.6807692307692308,0.83,0.005433062130177514,#748A00,54
Headache,is_symptom_of,Hypertension,26.91887480993411,13.431860111505319,0.6671222931216401,0.51,0.0053704036836024,#798500,55
Hypertension,treated_with,ACE Inhibitors,13.83541755888651,2.310192719486081,0.8569151193633953,0.93,0.007151194712764186,#34CA00,56
Hypertension,caused_by,Stress,5.769890368050117,2.4712999216914646,0.7001282782212086,0.58,0.022718791159324292,#6D9100,57
Chest Pain,is_symptom_of,Heart Disease,27.794120603015077,13.18577889447236,0.6782378908645004,0.79,0.005198470145771453,#758900,58
Shortness of Breath,is_symptom_of,Heart Disease,28.733033707865168,13.749623839765507,0.6763473701156828,0.69,0.005034227837006024,#758900,59
Heart Disease,treated_with,Beta Blockers,14.79632911392405,2.4062025316455697,0.8601250919793966,0.92,0.006609515668998372,#32CC00,60
Rash,is_symptom_of,Lyme Disease,29.07,13.929999999999998,0.676046511627907,0.68,0.0049774460396283,#768800,61
Fatigue,is_symptom_of,Lyme Disease,29.744814814814816,14.55148148148148,0.6714966555183947,0.59,0.004869910239527503,#778700,62
Joint Pain,is_symptom_of,Lyme Disease,30.683482280431434,14.618520801232663,0.6773096153192069,0.74,0.00472034222644477,#758900,63
Lyme Disease,caused_by,Tick Bite,7.1049160671462825,2.0581534772182257,0.7753860246008899,0.95,0.017136804652792374,#51AD00,64
Lyme Disease,treated_with,Doxycycline,15.728947368421052,2.511654135338346,0.8623042044517725,0.91,0.006171099350161618,#32CC00,65
Abdominal Pain,is_symptom_of,IBS,31.0524960254372,15.131923688394274,0.6723586919104991,0.61,0.004668754700364067,#778700,66
Bloating,is_symptom_of,IBS,31.345286415711946,15.726726677577739,0.6659006988630437,0.49,0.004627993374960389,#798500,67
IBS,treated_with,Low FODMAP Diet,16.337362637362638,2.7065934065934067,0.8578765147143682,0.85,0.0060828511072623884,#33CB00,68
Cough,is_symptom_of,Bronchitis,32.525173501577285,15.689337539432174,0.6745930384716043,0.77,0.0044604175937932936,#768800,69
Chest Tightness,is_symptom_of,Bronchitis,32.69769230769231,16.61,0.6631357254290172,0.48,0.004440409107268698,#7A8400,70
Bronchitis,caused_by,Viral Infection,7.494861460957178,2.8779345088161206,0.7225497814473044,0.63,0.017627291943913513,#659900,71
Bronchitis,treated_with,Cough Suppressants,16.978400646203553,3.14437802907916,0.843740366088632,0.72,0.006241724289595087,#38C600,72
Kidney Pain,is_symptom_of,Chronic Kidney Disease,33.54999999999999,16.45,0.671,0.74,0.004328607843137257,#778700,73
Fatigue,is_symptom_of,Chronic Kidney Disease,34.13184049079754,17.18717791411043,0.6650914524805738,0.57,0.004257434850822031,#7A8400,74
Chronic Kidney Disease,treated_with,Dialysis,18.17519871106337,2.9579914070891515,0.8600310038119442,0.94,0.005438785626995374,#32CC00,75
Nausea,is_symptom_of,Ulcer,34.07559322033898,17.85661016949152,0.6561553524804178,0.36,0.004262348654374406,#7D8100,76
Stomach Burning,is_symptom_of,Ulcer,35.32068259385665,17.583754266211603,0.6676317656925359,0.83,0.004116536672237887,#798500,77
Ulcer,caused_by,H. Pylori Infection,8.546082698585419,2.536615886833515,0.7711192930780559,0.92,0.014607194549555653,#53AB00,78
Ulcer,treated_with,Proton Pump Inhibitors,19.062212529738304,3.1312846946867565,0.8589098120488816,0.89,0.005224901861174173,#33CB00,79
Runny Nose,is_symptom_of,Common Cold,36.15574162679425,18.016507177033493,0.6674218335983042,0.73,0.004023217005778129,#798500,80
Sneezing,is_symptom_of,Common Cold,36.86857142857142,18.40472049689441,0.6670232610405663,0.69,0.003946867557802578,#798500,81
Cough,is_symptom_of,Common Cold,37.79134932533732,18.610449775112443,0.6700380116959064,0.75,0.003851570474152099,#788600,82
Common Cold,treated_with,Rest,19.85767955801105,3.3538437253354383,0.8555095378965623,0.84,0.005105542803644989,#34CA00,83
Fatigue,is_symptom_of,Mononucleosis,38.49456869009583,18.671565495207666,0.6733806516514838,0.81,0.003781223433763587,#768800,84
Sore Throat,is_symptom_of,Mononucleosis,39.276502311248066,19.025500770416023,0.6736732914001797,0.75,0.003707085366939334,#768800,85
Swollen Lymph Nodes,is_symptom_of,Mononucleosis,40.04276150627614,19.19154811715481,0.676006216006216,0.78,0.0036361637295494868,#768800,86
Mononucleosis,treated_with,Fluids,20.785046728971963,3.4766355140186915,0.8567026194144838,0.86,0.004859662160342031,#34CA00,87
Wheezing,is_symptom_of,Air Pollution Exposure,40.01259842519684,20.20787401574803,0.6644351464435145,0.42,0.0036419366549184165,#7A8400,88
Cough,is_symptom_of,Air Pollution Exposure,40.361794061907766,20.847934301958308,0.6594016203106454,0.39,0.0036102251102705725,#7C8200,89
Air Pollution Exposure,caused_by,Environmental Factors,8.92788876276958,2.985845629965948,0.7493778582317073,0.72,0.014543483558823796,#5BA300,90
